nombreUsuarioComprador, nombreItem, urlOferta
Santiago,Tiffen 67mm Glimmerglass 1 Filter 67GG1 B&H Photo Video,https://grabr.io/es/grabs/1433413
santijoaco,L.O.L. Surprise! Under Wraps Doll- Series Eye Spy 2A,https://grabr.io/es/grabs/1443460
santijoaco,L.O.L. Surprise! Under Wraps Doll- Series Eye Spy 2A,https://grabr.io/es/grabs/1443460
Facundo,Waterproof-Military-Tactical-Pack-Sports-Backpack-Camping-Travel-Bag-3,https://grabr.io/es/grabs/1443433
Facundo,Waterproof-Military-Tactical-Pack-Sports-Backpack-Camping-Travel-Bag-3,https://grabr.io/es/grabs/1443433
Cristian,POPULAR SONY MDR-XB650BT EXTRA-BASS "NFC-BLUETOOTH" ON-EAR HEADPHONES,https://grabr.io/es/grabs/1442941
Cristian,POPULAR SONY MDR-XB650BT EXTRA-BASS "NFC-BLUETOOTH" ON-EAR HEADPHONES,https://grabr.io/es/grabs/1442941
Jorge,Stanley Classic Vacuum Bottle,https://grabr.io/es/grabs/1428688
Jorge,Stanley Classic Vacuum Bottle,https://grabr.io/es/grabs/1428688
