nombreUsuarioComprador, nombreItem, precioBaseItem,urlOferta
Flor,PAW Patrol Mission Paw - Mission Cruiser - Robo Dog and Vehicle, Ages,56 $,https://grabr.io/es/grabs/1389580
Rodrigo,Outdoor Travel Camping Microfiber Quick-Drying Towel Shower Beach Hiki,11 $,https://grabr.io/es/grabs/1445821
Anyi,Feral Journal [B] | KILLSTAR - US Store,15 $,https://grabr.io/es/grabs/1445815
Agustín,MSI - Optix 24" LED Curved FHD FreeSync Monitor - Black/red,200 $,https://grabr.io/es/grabs/1445816
Juan Cruz,Stanley Vakuumflasche Adventure - Frasco,22 $,https://grabr.io/es/grabs/1445810
Mariano,Sonoff WiFi Switch Pack of 6 Wireless Remote Control Electrical for Ho,37 $,https://grabr.io/es/grabs/1445807
Arian,Motorola Moto 360 2nd Gen. 46mm W/ 2 Gunmetal Grey Link Bands,42 $,https://grabr.io/es/grabs/1445802
Pablo Gustavo,Stanley Heritage Stainless Steel Vacuum 1/1qt Bottle - Walmart.com,40 $,https://grabr.io/es/grabs/1445772
Emilio,Warlock Tome with Copper Color with Black Numbering Metal Dice – Skull,30 $,https://grabr.io/es/grabs/1445793
Juan Cruz,Anker PowerCore 20100-20000mAh Cargador portatil de Ultra Alta Capacid,36 $,https://grabr.io/es/grabs/1445788
Rodrigo,Stanley Classic Vacuum Bottle,40 $,https://grabr.io/es/grabs/1445774
Jorge Pablo,Fisher Space Pen Black Matte Bullet Model 400B **NEW**,19 $,https://grabr.io/es/grabs/1445765
Ceci,MOUNTDOG Phtography Background Stand 10ft Backdrop Support System Kit,33 $,https://grabr.io/es/grabs/1445753
Ariel,darkFlash Shadow PWM Aluminum CPU LED Addressable RGB Motherboard Cont,26 $,https://grabr.io/es/grabs/1444781
Angel Rubén,Termo Stanley 1l Clasico Oferta - $ 1.242,51 en Mercado Libre,18 $,https://grabr.io/es/grabs/1445706
